{"fullNodeCount":54,"links":[{"w":1,"source":1,"target":16},{"w":1,"source":5,"target":22},{"w":1,"source":29,"target":51},{"w":3,"source":2,"target":3},{"w":2,"source":18,"target":20},{"w":3,"source":2,"target":4},{"w":1,"source":30,"target":35},{"w":2,"source":2,"target":8},{"w":1,"source":1,"target":42},{"w":1,"source":6,"target":16},{"w":1,"source":34,"target":44},{"w":1,"source":26,"target":36},{"w":1,"source":10,"target":22},{"w":1,"source":38,"target":52},{"w":1,"source":10,"target":26},{"w":1,"source":10,"target":36},{"w":3,"source":7,"target":9},{"w":1,"source":11,"target":15},{"w":1,"source":3,"target":7},{"w":3,"source":3,"target":8},{"w":1,"source":47,"target":53},{"w":1,"source":3,"target":9},{"w":1,"source":3,"target":14},{"w":1,"source":7,"target":31},{"w":1,"source":15,"target":40},{"w":1,"source":19,"target":50},{"w":1,"source":4,"target":5},{"w":4,"source":0,"target":2},{"w":1,"source":4,"target":6},{"w":4,"source":0,"target":3},{"w":1,"source":0,"target":4},{"w":2,"source":0,"target":5},{"w":1,"source":4,"target":11},{"w":4,"source":0,"target":8},{"w":1,"source":0,"target":11},{"w":1,"source":32,"target":43},{"w":1,"source":12,"target":24},{"w":1,"source":0,"target":14},{"w":1,"source":24,"target":39},{"w":1,"source":12,"target":39},{"w":1,"source":12,"target":41},{"w":1,"source":1,"target":2},{"w":1,"source":33,"target":34},{"w":1,"source":12,"target":46},{"w":1,"source":1,"target":3},{"w":1,"source":1,"target":4},{"w":1,"source":25,"target":28},{"w":2,"source":17,"target":21},{"w":1,"source":45,"target":49},{"w":1,"source":1,"target":5},{"w":4,"source":1,"target":6},{"w":2,"source":5,"target":10},{"w":1,"source":21,"target":27},{"w":1,"source":13,"target":19},{"w":1,"source":17,"target":27},{"w":1,"source":13,"target":23},{"w":1,"source":37,"target":48},{"w":1,"source":33,"target":44}],"nodes":[{"w":11,"group":1,"name":"Hooke, Robert"},{"w":8,"group":1,"name":"Graaf, Reinier de"},{"w":8,"group":1,"name":"Boyle, Robert"},{"w":7,"group":1,"name":"Brouncker, William"},{"w":7,"group":1,"name":"Grew, Nehemiah"},{"w":6,"group":1,"name":"Malpighi, Marcello"},{"w":5,"group":1,"name":"Harvey, William"},{"w":4,"group":1,"name":"Ham, Johan"},{"w":4,"group":1,"name":"Williamson, Joseph"},{"w":3,"group":1,"name":"Craanen, Theodoor"},{"w":3,"group":1,"name":"Leeuwen, Philips van"},{"w":3,"group":1,"name":"Huygens, Constantijn"},{"w":3,"group":1,"name":"Gravesande, Cornelis 's"},{"w":2,"group":1,"name":"Burnet, Gilbert"},{"w":2,"group":1,"name":"Oldenburg, Henry"},{"w":2,"group":1,"name":"Beijeren, Adriaen van"},{"w":2,"group":1,"name":"Swammerdam, Jan"},{"w":2,"group":1,"name":"Cordes, Henricus de"},{"w":2,"group":1,"name":"Leeuwenhoek, Catharina van"},{"w":2,"group":1,"name":"Sloane, Hans"},{"w":2,"group":1,"name":"Leeuwen, Claes Jansz. van"},{"w":2,"group":1,"name":"Haan, Benedictus de"},{"w":1,"group":1,"name":"Harwood, John"},{"w":1,"group":1,"name":"Tenison, Thomas"},{"w":1,"group":1,"name":"Vallensis, Cornelis"},{"w":1,"group":1,"name":"Papenbroek, Daniël"},{"w":1,"group":1,"name":"Barba, Alvaro Alonso"},{"w":1,"group":1,"name":"Burch, Willem Reyersz van der"},{"w":1,"group":1,"name":"Leibniz, Gottfried Wilhelm"},{"w":1,"group":1,"name":"Plutarchus"},{"w":1,"group":1,"name":"Descartes, René"},{"w":1,"group":1,"name":"Hartsoeker, Nicolaas"},{"w":1,"group":1,"name":"Mesmes, Jean Antoine de"},{"w":1,"group":1,"name":"Brahe, Tycho"},{"w":1,"group":1,"name":"Copernicus, Nicolaus"},{"w":1,"group":1,"name":"Epicurus"},{"w":1,"group":1,"name":"Montagu, Edward"},{"w":1,"group":1,"name":"Bleijswijk, Hendrik van"},{"w":1,"group":1,"name":"Rhijne, Willem ten"},{"w":1,"group":1,"name":"Heinsius, Antoni"},{"w":1,"group":1,"name":"Conincxbrugh, Justus van"},{"w":1,"group":1,"name":"Willis, Thomas"},{"w":1,"group":1,"name":"Divini, Eustachio"},{"w":1,"group":1,"name":"Mancini, Marie Anne"},{"w":1,"group":1,"name":"Ptolemaeus, Claudius"},{"w":1,"group":1,"name":"Croone, William"},{"w":1,"group":1,"name":"Galenus, Claudius"},{"w":1,"group":1,"name":"Jonston, Jan"},{"w":1,"group":1,"name":"Thévenot, Melchisédec"},{"w":1,"group":1,"name":"Gale, Thomas"},{"w":1,"group":1,"name":"Vernon, James"},{"w":1,"group":1,"name":"Aristoteles"},{"w":1,"group":1,"name":"Buschhof, Hermannus"},{"w":1,"group":1,"name":"Wotton, Edward"}]}