Id,Label,timeset
0,Robert,
1,Reinier de,
2,Robert,
3,William,
4,Nehemiah,
5,Marcello,
6,William,
7,Johan,
8,Joseph,
9,Theodoor,
10,Philips van,
11,Constantijn,
12,Cornelis 's,
13,Gilbert,
14,Henry,
15,Adriaen van,
16,Jan,
17,Henricus de,
18,Catharina van,
19,Hans,
20,Claes Jansz. van,
21,Benedictus de,
22,John,
23,Thomas,
24,Cornelis,
25,Daniël,
26,Alvaro Alonso,
27,Willem Reyersz van der,
28,Gottfried Wilhelm,
29,lutarchus,
30,René,
31,Nicolaas,
32,Jean Antoine de,
33,Tycho,
34,Nicolaus,
35,picurus,
36,Edward,
37,Hendrik van,
38,Willem ten,
39,Antoni,
40,Justus van,
41,Thomas,
42,Eustachio,
43,Marie Anne,
44,Claudius,
45,William,
46,Claudius,
47,Jan,
48,Melchisédec,
49,Thomas,
50,James,
51,ristoteles,
52,Hermannus,
53,Edward,
