Source,Target,Type,Id,Label,timeset,strength
1,16,Undirected,0,,,1
5,22,Undirected,1,,,1
29,51,Undirected,2,,,1
2,3,Undirected,3,,,3
18,20,Undirected,4,,,2
2,4,Undirected,5,,,3
30,35,Undirected,6,,,1
2,8,Undirected,7,,,2
1,42,Undirected,8,,,1
6,16,Undirected,9,,,1
34,44,Undirected,10,,,1
26,36,Undirected,11,,,1
10,22,Undirected,12,,,1
38,52,Undirected,13,,,1
10,26,Undirected,14,,,1
10,36,Undirected,15,,,1
7,9,Undirected,16,,,3
11,15,Undirected,17,,,1
3,7,Undirected,18,,,1
3,8,Undirected,19,,,3
47,53,Undirected,20,,,1
3,9,Undirected,21,,,1
3,14,Undirected,22,,,1
7,31,Undirected,23,,,1
15,40,Undirected,24,,,1
19,50,Undirected,25,,,1
4,5,Undirected,26,,,1
0,2,Undirected,27,,,4
4,6,Undirected,28,,,1
0,3,Undirected,29,,,4
0,4,Undirected,30,,,1
0,5,Undirected,31,,,2
4,11,Undirected,32,,,1
0,8,Undirected,33,,,4
0,11,Undirected,34,,,1
32,43,Undirected,35,,,1
12,24,Undirected,36,,,1
0,14,Undirected,37,,,1
24,39,Undirected,38,,,1
12,39,Undirected,39,,,1
12,41,Undirected,40,,,1
1,2,Undirected,41,,,1
33,34,Undirected,42,,,1
12,46,Undirected,43,,,1
1,3,Undirected,44,,,1
1,4,Undirected,45,,,1
25,28,Undirected,46,,,1
17,21,Undirected,47,,,2
45,49,Undirected,48,,,1
1,5,Undirected,49,,,1
1,6,Undirected,50,,,4
5,10,Undirected,51,,,2
21,27,Undirected,52,,,1
13,19,Undirected,53,,,1
17,27,Undirected,54,,,1
13,23,Undirected,55,,,1
37,48,Undirected,56,,,1
33,44,Undirected,57,,,1
